"stno","X2015.09.01","X2015.09.02","X2015.09.03","X2015.09.04","X2015.09.05","X2015.09.06","X2015.09.07","X2015.09.08","X2015.09.09","X2015.09.10","X2015.09.11","X2015.09.12","X2015.09.13","X2015.09.14","X2015.09.15","X2015.09.16","X2015.09.17","X2015.09.18","X2015.09.19","X2015.09.20","X2015.09.21","X2015.09.22","X2015.09.23","X2015.09.24","X2015.09.25","X2015.09.26","X2015.09.27","X2015.09.28","X2015.09.29","X2015.09.30"
"466880","0.25","-0.6578","-0.5638","-0.6894","-0.9642","-1.4555","0.5","0.8551","1.15","0.7866","0.8208","1.15","1.0945","1.7","0.3762","0.85","0.7182","0.6498","0.95","0.8","0.55","0.6928","-0.9397","0.7","0.7524","0.4104","-0.5196","3.1","0.9193","-0.6894"
"466900","-0.9959","-1.4722","-1.0392","0.1563","-1.3156","1.9734","0.6","1.8794","1.4095","1.6914","1.3787","1.5757","0.2952","-0.65","1.5035","2.1613","1.8794","1.8711","1.5035","-1.3856","-1.1276","-1.0725","0.5785","0.3","0.191","1.0833","2.0673","5.6134","-2.4513","0.55"
"466910","-1.5757","1.8711","1.0833","1.1818","-2.0785","2.9","2.0681","-0.8999","1.8794","1.9696","-0.8208","0.4341","-3.7423","-3.9","-1.3","1.7","1.6914","1.2213","1.8794","-1.5757","0.2952","1.3787","1.6742","2.1","1.8711","3.6648","6.6967","8.2693","-7.0906","2.7575"
"466920","0","-1.2216","-0.9397","-0.8457","0.2952","-0.3126","-1.2257","0.4341","0.8551","1.25","1.55","1.55","1.85","2.05","1.1","1.25","1.4","-1.9917","1.3","1.45","1.05","-1.1818","-0.9397","0","1.55","0.2952","-1.2216","5.318","-1.0945","-0.7878"
"466930","-0.6062","0.6128","0.4596","-0.3064","0.9526","1.3789","1.6914","1.8794","2.6847","2.8191","2.3492","3.007","1.6087","2.0785","0.4","1.5975","2.4249","2.913","1.2124","0.6428","0.6894","0.25","-0.4","0.5638","0.45","0.9193","1","2.4","-1.3856","0.4"
"466940","1.6454","-1.5035","-2.0673","0.9642","-1.4784","-3.101","1.5321","3.0311","2.1212","2.0683","0.95","1.6712","2.5069","1.8","1.6087","2.7575","2.7251","1.4722","1.6914","1.8385","1.5321","1.6742","-2.3492","1.3856","1.5321","3.9392","7.1891","12.8025","-5.9201","1.5975"
"466950","0","-3.6648","-3.007","-2.3635","-4.7271","-3.4","3.8971","4.3301","4.3665","4.0703","2.8925","3.8302","6.235","4.5","1.5391","5.3562","5.5","3.2909","2.9445","0.8161","0","1.2655","-0.9919","3.8971","3.7239","5.7321","11.2268","14.2028","-7.25","-8.5737"
"466990","0.3473","-1.8641","-1.35","-1.05","-2.9544","2.3492","2.5981","-1.0261","2.0683","1.9926","0.4168","-1.8","1.35","-1.05","-1.8641","2.7578","-1.2","2.1449","-1.3","-1.1","-0.7182","-1.15","-2.2517","2.5372","2.0681","-1.25","-1.7","-5.1423","-5.7119","-3.5507"
"467050","-1.2257","-1.0285","0","1.1491","-4.2898","-4.5638","2.2498","4.0496","3.5353","4.4167","3.0211","4.4167","5.3351","5.8985","3.2909","4.5963","3.4711","2.3","3.677","1.4141","0.95","1.6454","-1.8641","2.1212","3.3706","4.2132","7.188","13.7195","-2.3747","1.299"
"467060","-0.6156","-0.95","-0.7182","0","-0.85","-0.3647","-0.4341","0.9235","-0.9919","1.2","-1.25","1.0603","1.607","-0.6498","-1.157","1.8641","1.5","0","-0.9","-1.0285","-0.5472","-0.3473","-1.7619","1.6087","1.4722","-1.45","0","12.9995","-8.6452","-4.3226"
"467080","0","0.9642","0","0.7","0.2084","0.2952","-1.2213","0.4689","0","0.4862","0","0.4862","0.4515","2.1651","-0.2778","0.3994","0.3473","0.7524","0","0","0.4104","0.5472","0","0.6156","0","1.2213","2.5","8.5737","-4.8261","1.5321"
"467110","0.9642","-0.55","-1.0725","-0.513","-1.05","-0.7","1.9926","2.5279","2.6847","1.1287","1.3","1.45","2.9876","2.3783","2.4249","1.9284","2.2215","1.4784","1","0.6498","1.35","1.157","-0.65","0.7866","0.7524","1.4","2.314","3.007","-3.0854","-0.9193"
"467300","-3.7239","-1.2856","2.2553","1.7727","-0.7866","-3.3706","-3.6373","7.9674","6.3899","8.4004","5.4164","5.9088","6.8598","5.121","6.1058","6.2354","6.755","7.6115","6.5982","3.0529","3.1514","3.5453","2.7575","-1.3","4.924","9.9466","14.2797","17.7","-12.2116","-7.78"
"467350","-1.3789","-1.6","0.766","1.0725","-1.7727","-2.5","3.2499","5.318","4.6286","4.7271","3.8","3.6438","5.1","3.9","3.7","4.1362","4.8256","4.3332","3.4468","2.1666","2.1666","2.3635","1.7854","-2.3","3","5","6.7952","8.7391","-5.8261","-4.5"
"467410","-0.7524","-0.8208","2.1666","1.9917","1.2213","-2.0681","-1.9696","1.9053","-1.607","2.0673","-0.684","2.3","1.9696","1.7619","1.7854","-0.6498","1.05","2.5372","-1.5588","1.7619","0.85","2.659","1.607","1.9919","1.4784","3.6648","5.5149","7.7","-6.6","-2.913"
"467420","-1.1","-1.4141","2.0681","1.6087","0","-0.4341","-1.8","1.8187","-0.4341","1.7727","-2.1666","1.7854","-1.7321","1.3789","1.8","1.0927","0.95","2.5605","1.5035","1","-1.2124","2.3635","1.2856","1.5321","1.7321","3.4","5.4164","7.7055","-6.6967","-1.9917"
"467440","-1.5","0.9","1.4141","1.2856","1.2213","1.4141","0.7713","0.382","0.5472","-0.2952","-0.5814","1.3499","0.3299","0.95","0.3299","0.7524","0.2952","-1.8711","-1.8711","0.7182","0.2431","1.2856","1.5427","1.7998","1.6712","1.25","2.1666","6.4997","-4.6286","-3.5453"
"467480","-0.2605","0.4446","0.9848","1.0337","-0.2605","-0.8893","-1.6","1.1818","1.0833","1.2216","0.4","1.0392","1.2803","0.766","0.9959","1.0337","1.1818","1.2","0.55","0.6428","0.8426","1.1276","0","0.5","1.0337","2.2","3.101","4.9","-4.2286","1.0392"
"467490","-0.7","-0.2736","0.5362","0.9848","-1.2803","-2.1","-0.7878","1.1276","1.2216","1.4095","0.766","1.2803","0.766","0.866","1.1276","1.6742","1.4095","1.4095","0.9526","-0.55","0.8426","0.766","-0.766","-1.1","1.0833","2.3635","3.1","3.7423","-2.7251","0.866"
"467530","-1.3787","-1.1","-0.8","0.5362","-0.342","0.7713","0","0","0.7518","0.9","0.5142","-0.866","-0.4","1.0833","-0.5362","-0.45","-0.5142","0.6894","1.2856","0","0.7","-0.9526","1.1","0.2431","0.513","0.8","0.1736","1.55","-2.0785","0.9642"
"467540","0.75","-0.6","0.4788","-0.8","0.85","1.157","1.15","1.9919","2.0785","1.6087","1.3856","1.0285","3.1177","2.7578","-0.513","0.65","1.2856","1.4555","0.65","0.45","0.6","0.7","-0.2952","0.6156","0.85","1.3156","-1.4","-2.4249","-1.7727","0.2605"
"467550","-1.4023","-1.2997","-0.7866","0.3473","1.9","2.8283","0","0","0.9724","1.3681","-2.7","-0.7866","-2.0569","-4.4431","-0.9577","-0.712","0.7467","3.2043","4.3332","2.2553","1.15","1.3023","1.65","3.007","2.6847","2.9544","2.9544","3.2909","-12.6859","-9"
"467571","0.4","-0.55","0.5142","0.3078","0.2257","0.3299","1.2216","2.8191","2.5372","2.3492","0","0.7524","3.101","1.2","1.1491","2.0673","0.4168","2.1613","1.8187","0.2084","0.1736","0.8426","0.7071","0.7","1.4722","2.0785","0.7866","6.4013","-0.8","-0.4"
"467590","-0.3078","-0.8","0.5472","-0.2084","0.5814","0.9577","1.7727","2.8925","2.3783","2.7578","1.7355","0.382","4.2132","3.8302","0.3647","0.1563","1.7619","2.1449","1.3023","0.4104","-0.2778","-0.2605","1.0285","2","0","1.15","1.1491","0.8682","-1.0945","-0.5557"
"467610","1.5035","1.3856","1.299","1.5975","1.5975","1.7854","3.2889","3.2909","3.101","3.5708","1.7355","2.8579","4.6286","3.1177","1.5588","2.0785","3.2889","3.6438","2.2215","1.8187","1.3856","1.7321","1.6454","1.9734","1.8794","3.6","3.1","-2.3747","-3.2909","-0.9193"
"467620","-4.5963","2.1613","3.6438","3.4","-4.06","-7.1992","5.121","4.7924","4.5105","4.3226","3.7588","4.4316","5.0229","6.9282","4.4316","3.0529","4.5033","6.202","3.7588","3.3829","3.5453","2.0785","-2.9445","1.5","4.1346","6.7658","8.487","-13.4058","-8.0814","0.712"
"467650","1.7727","-1.4722","0.9526","1.0392","-1.0833","0","0.9397","0","-1.4","0.4788","1.2803","-0.9848","1.4","1.3156","0.65","1.5035","1.1276","0.7","-1.2803","0.2084","0.6894","0.866","1.1258","0.5","0.9526","-1.3787","-0.6928","-2.2981","1.7","0"
"467660","-1.0392","1.0392","0.766","0.9526","0.8356","0.8356","1.3789","1.2856","1.8794","1.3499","1.7854","1.6914","1.7355","1.4784","-0.4446","0.9642","1.2213","1.3156","1.6914","0.4446","-0.4446","1.1276","-1.3","-0.9193","1.3156","1.4722","0.9193","1.4141","-2.8559","0.866"
"467770","-1","-1.05","1.157","1.157","-2.6046","-3.9467","2.2651","5.7321","4.8","5.9","3.5453","4.2","4.4","3.0529","3.4468","5.5","5","5.318","4.1","1.9151","2.5","2.4249","0.9","2.7","3.5","7.1","10.045","13.8135","-5.1325","1.157"
"467780","-1.5588","-1.2257","2.7","2.2517","0.684","0","-2.1613","3.0529","1.9917","2.5712","0.513","3.4769","2.8559","2.8559","0.9397",NA,NA,NA,NA,NA,NA,NA,NA,"2.5605","3.7","6.9921","10.1435","13.6","-7.9769","-2.2517"
"467990","0.65","-2.0683","-1.1","1.9696","-3.9834","-3.6004","0.5209","1.85","0.5904","1.75","0","1.6","2.6","2.45","3.5453","1.6","1.55","0","1.3","2.2553","3.1177","1.8711","-2.8191","1.45","1.1","2.9445","2.25","6.6967","-1.1808","-3.1514"
"C0A520","0.3927","0.1294","0.104","0.2828","-0.0175","-1.3244","0.7222","1.4308","1.362","1.3421","1.6007","1.2876","1.9392","2.1241","1.1535","0.8875","0.9676","0.7416","1.3391","1.5973","0.671","0.4908","-0.0157","0.9899","1.398","0.219","0.3527","3.4068","0.0837","0.0261"
"C0A530","0.2939","0.3804","0.2978","0.2801","-0.1103","0.3286","0.2923","1.0269","0.9744","0.9899","0.7512","1.6776","1.9126","1.1657","0.4999","0.4994","0.7873","0.5162","0.3907","0.5878","0.3825","0.4915","0.3","0.5523","0.5991","0.2978","0.3913","5.2069","-4.8497","-1.1934"
"C0A540","-0.0829","0.0342","0.0313","-0.2996","-0.0342","-0.2762","0","0.1975","0.3","0.2934","0.1714","-0.3881","0.0279","0.1463","0.2194","0.1949","0.2993","0.1995","0.2978","0.2571","0.0261","-0.0572","0.1463","0.0982","0.0407","0.007","0.1827","1.7989","-3.0257","-0.559"
"C0A550","0","0","-0.0326","-0.007","-0.0105","0.0521","0","0.097","0.0777","0.0799","0","0.0766","0","-0.007","0","0.0242","0.0974","0.0999","0","0","-0.0309","-0.0242","0.0035","-0.0174","0","0.014","0.4373","-0.4386","-0.3119","-0.2463"
"C0A560","0.1995","0.399","0.2971","0.2192","0.3995","0.7989","-0.1981","-0.2517","0.3939","0.5362","-0.5657","0.4114","-0.5663","-0.5119","-0.4755","0.2853","0.4963","0.5601","-0.7995","0.5822","-0.2973","0.2934","0.6996","0.3913","0.4702","0.2517","-0.4924","0.8269","-1.5978","0.1035"
"C0A570","-0.159","0.0927","0.0436","0.0523","0.014","-0.4092","-0.0407","0.0732","-0.0174","-0.0122","0.1564","0.229","0.395","0.5788","0.0827","0.045","0.0278","0.0419","0.0695","0.0939","0.0717","0.1236","0.1294","0.0763","0.0309","-0.0122","-0.3078","0.4387","0.5632","-0.0326"
"C0A640","0","-0.0684","0.0438","0","-0.0585","-0.2984","0","0.1798","0.0174","0.014","0.0749","0.1231","0.0813","0.1454","0.0454","0.0375","0.0326","0.0139","0.0276","0.0515","0.053","0.0276","-0.0342","0","0.0358","0","-0.1721","0.4686","-2.5372","0.2954"
"C0A650","0.0788","0.0866","0.1941","0.1782","-0.2427","0.3236","0.1597","0.4592","0.4243","0.3214","0.559","0.6632","0.8192","0.5362","0.3316","0.2984","0.4636","0.3536","0.2973","0.4193","0.2516","0.2572","0.0906","0.2427","0.1847","0.2427","0.5438","3.7536","1.6997","0.3498"
"C0A660","0.2954","0.1813","0.2598","0.2898","0.2963","-0.5248","0.3897","0.8651","0.794","0.6983","0.4851","0.5516","0.6688","0.6994","0.4528","0.6999","0.6657","0.3985","0.3","0.4603","0.2572","-0.212","0.2934","0.2819","0.2998","1.0973","1.7989","4.5888","-4.4812","-1.4728"
"C0A860","1.2992","0.9119","0.6062","0.5523","-2.4042","-3.3991","1.4869","2.4593","2.2384","1.9605","1.4095","1.7143","2.566","2.2229","0.8572","2.1384","1.9053","1.4728","0.983","0.7071","0.5905","0.7715","1.5564","0.7417","0.9011","2.0845","3.4715","8.9399","-2.3369","-1.2245"
"C0A870","-0.4022","0.6237","-0.0977","0.2179","-1.2683","-1.709","0.6883","2.9078","1.4609","3.2736","-0.7822","3.8762","0.8153","0","2.8718","3.0469","4.3716","4.4995","3.294","3.2332","0.1221","-0.7162","-0.3348","5.2968","4.1942","5.2605","7.1405","14.8634","-5.4204","0.0401"
"C0A880","0.6894","0.6729","0.5033","0.5977","-0.3254","0.8803","1.1998","1.8","1.7956","-0.3534","-0.3032","1.1203","1.0903","-0.3106","0.5996","1.6977","1.6997","1.5961","-0.3106","0.5298","0.4782","0.5516","-0.2481","0.9848","1.3991","2.6897","4.4665","6.5283","-5.8261","-3.5978"
"C0A890","-0.0656","0.0978","-0.1714","-0.2649","0.0927","-0.1749","0","0.2853","0.2837","-0.0208","-0.0656","-0.2","-0.2819","-0.0908","0","-0.0875","0.3864","0.2598","-0.0707","-0.0515","-0.0799","-0.094","-0.1638","0.0035","-0.0799","0.1867","0.8019","-0.2195","-2.9875","-1.1321"
"C0A920","1.1476","0.9994","-0.881","0.3804","-1.7355","-1.2679","0","1.1809","0.3126","0.5071","0.0262","-0.908","0.6237","0.7742","0.2257","1.1143","0.803","-0.5818","-0.487","-0.5953","-0.3882","0.8889","-1.5606","-0.4135","0.0262","-0.0767","1.757","4.3925","-1.4059","0.2474"
"C0A940","0.0726","0.3597","0.4854","0.3019","0.6395","1.0985","0.5878","1.0285","0.5699","1.042","0.1693","0.6561","0.6743","1.0706","0.3716","0.9508","0.6466","0.4663","0.2347","0.2853","0.1805","0.2294","0.6694","0.2351","0.1035","0.9661","2.0479","3.5749","-3.717","-0.5999"
"C0A950","-0.3758","-1.7387","-2.8559","-2.1472","-1.9487","-2.9233","3.5739","4.9931","4.0706","3.763","-1.4066","3.5427","3.0505","-0.7757","1.4339","4.7533","4.7993","2.6355","2.5115","-0.0593","-1.589","-1.8353","-0.1012","3.8766","2.8012","6.825","10.7812","17.3269","-14.1354","-3.614"
"C0A970","1.9053","-2.2064","-2.2951","-1.8513","-3.1558","-2.5889","4.1974","4.5972","4.2582","4.0975","1.094","2.1596","2.2384","2.8191","1.3981","5.7965","5.8622","3.343","2.8689","1.5564","0.7185","1.2608","-2.0284","3.0618","3.5951","7.4989","10.8184","16.3582","-12.5185","-8.8981"
"C0A980","-0.5523","-0.483","0.7518","0.8572","0.6821","1.2021","-0.5996","0.1828","-1.5265","-0.9205","-0.7014","-0.1569","0.329","-2.4858","0.8549","1.0833","0.7431","-1.2292","-1.2137","-1.2778","-1.0519","1.0462","1.0973","0.6914","-1.279","0.5657","1.258","6.4787","2.516","0.7071"
"C0A9A0","-0.309","1.0798","0.3254","0.3709","1.1153","0.5036","-0.4659","-0.8551","0.4341","-0.2437","-0.5624","-0.0506","-1.1287","-0.8282","-0.5174","-0.8987","-0.8652","-1.1836","-0.5849","-0.3169","0.2671","-0.817","0.708","2.0796","-0.9271","1.3523","-0.6973","5.8508","-1.6278","0.851"
"C0A9C0","0.244","0.0697","-0.1575","-0.0523","1.1346","0.8004","-0.5162","-0.5448","-0.5209","1.5975","0.0663","-0.1917","0.5564","-1.0575","-0.7641","1.1954","1.1478","1.5649","-0.6156","0.0593","-0.1564","-0.4384","1.094","0.8951","-0.526","0.9397","0.9903","4.0975","-0.7718","-0.3256"
"C0A9E0","0.8999","0.7794","-1.0673","0.9998","0.0628","1.8988","-0.7794","-0.0576","-1.0286","-0.6561","0.3907","-0.9959","0.5861","-1.0382","-0.9584","-0.8693","-0.7632","0.5694","-1.0126","0.2495","0.2924","-0.9429","1.3966","-1.0177","-1.0286","-0.6997","-0.9998","4.4218","-1.2778","1.0673"
"C0A9F0","0.1378","0","0.0868","0.1462","0.4769","0.4881","-0.2394","0.0489","-0.1133","0.115","-0.441","0.0628","-0.3126","0.2923","-0.0576","-0.0628","0.068","0.0349","0.122","0","0.0767","0.014","0.35","-0.0698","-0.0733","0.0488","-0.0776","1.749","-0.629","0.0523"
"C0AC40","-2.1596","1.1434","0.3285","-1.3926","-4.138","-1.1691","1.4792","0.9919","-2.0672","-0.0872","0.2091","1.2274","2.508","1.8054","-0.0297","0.7524","1.4554","1.8067","1.15","1.2638","3.0205","0.803","-1.6378","-0.225","2.6852","1.7202","6.7148","8.7527","-2.8738","2.6198"
"C0AC60","-0.0122","-0.7922","0.7564","0.7956","-1.0401","-0.2703","-0.115","-0.0837","-0.2923","-0.2659","0.195","-0.1047","0","0.4314","-0.1721","0.3623","-0.2659","-0.2659","0.0279","-0.0576","-0.0523","-0.8089","-1.0337","-0.0227","0.3629","-0.0628","-0.6914","1.1109","-0.1341","-0.7364"
"C0AC70","0.0391","0.0259","0.0602","0.0951","0.0407","0.1847","0.1176","0.2229","0.0314","0.2084","0.2575","0.227","0.5032","0.4015","0","0.1545","0.3978","0.3316","-0.1563","0.3195","0.0484","0.1554","0.0669","0.2487","0.341","0.0731","-0.0914","-1.4918","-0.3032","-0.0105"
"C0AC80","0.4728","0.1268","0.3709","0.1302","0.2963","-0.6694","-0.2724","0.8479","0.219","0.7981","0.9534","1.2343","0.2404","0.1604","0.7726","0.2644","0.7264","0.6356","0.8172","-0.2194","0.6157","0.3394","0.1968","0.2287","-0.4961","0.4316","0.1975","2.2301","0.1518","0.1075"
"C0ACA0","0.394","0.104","0.5846","0.5393","0.2605","0.6536","0.1336","0.44","0.4884","0.4135","0.8626","0.395","0.6212","1.135","0.2205","0.2079","0.3859","0.4384","0.4326","0.6573","0.3508","0.5871","0.8285","0.18","0.2671","0.1336","0.6928","3.6542","0.3859","0.2113"
"C0AD00","-1.178","-1.2903","-1.2432","-1.2803","-2.1786","-2.0681","0.8181","1.0037","0.2072","0.7053","0.3629","0.2659","0.0663","0.3754","1.0777","1.4256","1.2075","-1.1883","-1.2929","-1.3641","0.508","1.2929","-1.7387","0.3053","0.1948","0.3149","2.3559","4.2501","-2.5432","-0.9272"
"C0AD10","0.797","-0.6128","-0.4684","0.6999","-0.3053","-1.3071","0.1693","1.4554","1.1583","1.3694","1.7213","1.7616","0.5176","-0.3534","1.3896","0.6809","1.299","-1.0286","1.094","1.3787","-1","0.8951","-0.9326","-0.6018","0.9744","0.5376","2.3615","4.8034","0.2972","0.6729"
"C0AD30","0.4999","1.0958","0.6709","0.8966","-0.6092","1.1756","-0.6695","0.5555","1","-0.4113","0.6837","-0.5788","-0.4341","-0.329","1.2688","0.9329","-0.2287","-0.1394","-0.803","-0.2972","-0.1219","1.0798","1.0876","-0.8229","-0.4355","0.9976","0.9613","4.3264","-1.7046","0.8402"
"C0AD40","0.3951","0.6999","0.1939","-0.483","-0.0314","-0.0454","0.9744","0.2437","0.0768","0.7424","1.5089","1.3777","1.6851","1.7634","0.3032","0.4678","0.2091","1.3435","1.0625","0.5814","1.0993","0.5985","-0.6709","0.2631","1.2586","0.0628","-0.4908","3.4717","-0.2437","-0.5601"
"C0AD50","-0.3032","-0.342","-0.6561","-0.4","-0.1672","-0.6809","-0.2778","0.75","0.4732","0.3136","0.974","0.1308","1.3449","0.5958","1.7616","-0.2195","-0.4862","-0.3412","0.6988","-1.1982","-0.6157","0.8733","-1.023","-0.684","0.3479","0.1325","-0.3907","6.1819","-1.6989","1.0973"
"C0C460","-0.1678","-0.328","-0.2677","0.2264","-0.2796","0.1575","-0.2179","-0.4702","0.5822","0.6619","-0.4092","-0.4863","-0.2163","-0.15","0.2248","0.4981","0.6999","0.5438","-0.3776","-0.0551","0.2984","0.014","0.0436","0.3355","-0.0314","0.122","0.1147","1.8451","-0.328","0.3999"
"C0C480","-0.0423","-0.0375","0.0105","-0.0551","-0.1854","-0.1452","-0.1678","0.3605","0.3069","0.2","0.3709","0.2847","0.4689","0.8242","0.0626","-0.0899","0.2407","0.2517","0.1378","0.121","0.1089","-0.0105","-0.0469","-0.171","0.3214","0.0382","0.0342","1.2998","-0.3147","-0.05"
"C0C540","0.5999","-0.2817","-0.2939","0.4993","-0.4724","-1.9026","0.3927","0.3355","0.424","0.3236","0.3498","0.5196","0.9326","0.6293","0.5768","0.4415","0.3355","0.1953","0.3532","-0.4225","0.5601","0.6973","-0.229","-0.0122","0.2869","0.3392","0.7794","3.3581","1.284","0.797"
"C0C590","0.7999","-0.7872","-0.6729","0.7981","-2.614","-2.1212","0.8425","2.1034","1.1737","1.8607","1.7976","1.8858","1.7938","2.342","1.5301","1.7983","1.7835","1.7612","1.6581","0.508","0.9945","0.9744","-1.4183","1.097","1.4339","1.3777","3.2572","6.4713","1.1115","-0.6553"
"C0C630","0.5299","-1.5998","1.0993","1.1993","-1.0168","-2.4758","1.2465","2.717","1.6957","1.7634","1.3777","1.8385","3.3962","2.8774","0.9841","1.8113","1.6458","1.8579","1.8579","0.6103","-0.1462","-1.2667","-1.5752","1.0833","1.1472","1.5849","0.2783","6.1208","1.2667","-1.3908"
"C0C650","-0.5032","-0.6292","-0.4668","0.5985","-1.2229","-1.3989","1.4266","2.7358","2.3403",NA,NA,NA,NA,NA,NA,NA,NA,NA,NA,NA,NA,NA,NA,NA,NA,NA,NA,NA,NA,NA
"C0D360","0.2998","0.1999","0.3999","0.3464","0.399","0.2723","-0.2264","-0.1754","0","0.4993","0.3998","0.3498","-1.1883","-0.0105","0.2984","0.2993","0.3939","0.3804","0.3961","0.1963","0.1658","0.3995","0.4698","0.1867","0.1749","-0.0977","0.4963","2.2986","0.1312","-0.1878"
"C0D390","-0.1841","-0.1362","0.1","-0.1638","-0.2179","-0.0627","-0.0788","-0.5999","0.2723","-0.3498","-0.0209","-0.2351","-0.35","-0.3536","-0.122","0.0209","-0.3109","-0.3236","-0.2396","-0.1259","-0.1","-0.1618","0.169","-0.1414","0.3595","-0.2998","-0.1854","0.2099","-0.0656","0.0545"
"C0D480","0.3","-0.0675","-0.2719","0.197","-0.6293","-0.2257","0.1949","0.1564","0.0175","0.8019","0.3498","0.1929","0.3907","0.1389","0.399","0.3532","0.5438","0.135","0.4603","0.1089","-0.1985","0.2978","-0.0105","-0.2457","0.3709","0.2877","0.2351","1.3906","0.159","0.1879"
"C0D540","0.0982","0.2963","0.1985","0.2978","-0.0782","0.5456","0.2624","0.7547","0.6582","0.4684","0.1463","0.4096","0.8302","0.1677","0.1985","0.3536","0.3936","0.3597","0.2828","0.1854","0.1","0.2696","0.3355","-0.2998","0.1463","0.8485","1.079","2.911","0.2229","0.3999"
"C0D550","0.6973","0.2869","0.0017","0.1985","0.7825","0.9135","0.1981","0.2649","-0.014","0.2853","-0.014","-0.007","0.2837","-0.0242","0.1677","0.197","0.2989","0.2898","0.0908","0.2954","0.2954","0.1554","0.3","0.1827","0.1554","0.1618","-0.1042","-0.2034","0.2996","0.0484"
"C0D560","0.2661","-0.5164","0.559","-0.0934","-0.9031","-1.3383","0.7999","1.4489","0.4386","1.8928","1.4918","1.5998","1.3842","1.2436","1.3991","1.4854","1.3211","1.7997","1.3715","1.0777","1.0893","1.1143","-0.9945","1.2951","1.3694","1.5564","1.6178","5.4925","-0.8402","-0.9877"
"C0D570","-0.3346","-0.3886","-0.3346","-0.1792","-0.4881","-0.892","0.1089","1.0269","0.2997","0.9744","0.8988","0.7989","1.0462","0.4963","0.8966","0.3694","0.7727","0.8988","0.6871","0.5999","0.5942","0.7902","-0.2279","0.4997","0.699","0.5248","0.2868","3.8637","-0.4774","0.4851"
"C0D580","0","0","0","0","0.1286","0.2463","0.1","-0.0157","0.0813","-0.0278","-0.0883","-0.0484","0.0349","-0.0602","-0.0276","0.1827","-0.0035","0.0827","-0.0749","0","0","0","0.0391","-0.0407","-0.0974","0.0827","0.1888","-0.0157","0","0"
"C0D590","0.7853","-0.5142","-0.3694","-0.2909","-1.5358","-2.2957","1.5321","3.7037","3.1086","3.1945","2.2064","2.3959","4.126","2.9944","1.6853","2.758","2.6792","2.4428","2.758","1.1993","0.8019","1.2137","0.891","1.1375","2.5216","2.4151","3.1086","7.8835","1.2257","0.8803"
"C0E420","0.2248","-0.4213","0.5088","0.8019","-1.0993","-0.2924","1.0649","2.334","1.6853","2.1613","1.3584","1.6873","1.4339","1.0049","1.4772","1.9053","1.8367","1.5825","1.7616","0.7956","0.7922","1.0401","0.4363","1.0993","1.7387","1.7264","2.2064","7.0513","0.9712","0.7999"
"C0E430","0.6999","0.6999","0.7999","0.2989","0.8966","0.6792","0","0","0","1.2903","0.2","0","0","0","0","0","0","0.1989","0.8966","0.2","0.0988","0.0985","0","0","0","0","0","1.3896","0.5977","0.5977"
"C0E530","-1.1476","-0.3254","-0.0279","0.5663","-0.8947","-1.7264","0.5985","1.0649","0.9011","0.8485","0.6962","0.9272","0.5755","0.4405","0.7417","1.0392","0.8192","0.9119","0.8746","0.8933","-0.8019","0.5999","-0.5164","-0.3078","0.4974","1.4923","2.4858","3.4238","-2.0801","0.6983"
"C0E610","-0.3277","-0.206","0.1169","0.3316","-0.4684","-0.8045","-0.007","0.2877","0.5563","0.2192","-0.2113","0.328","-0.2517","-0.0349","0.3597","0.0314","0.3564","0.3985","0.3978","0.3709","-0.2828","-0.0968","-0.3195","0.2463","0.2939","0.2909","1.2075","3.7842","0.6871","0.3277"
"C0E730","-0.4","-0.4689","-0.3225","-0.5664","-0.8988","-0.1253","0.9781","1.3211","0.9851","1.0231","1.1782","-0.7042","1.2229","0.9563","-0.6889","1.1509","1.3164","1.2504","1.4266","1.0918","-0.4902","-0.4649","0.4695","1.0893","1.0103","1.5106","1.7552","5.1992","0.8457","-0.3256"
"C0F861","-0.4728","0.1368","0.0314","0.1368","-0.2457","-0.6122","0.0244","0.2364","-0.4415","-0.2158","0.2923","0.2837","0.1782","-0.0624","-0.3195","-0.2427","-0.2487","-0.3152","-0.3316","-0.3277","-0.2598","0.1968","-0.4193","-0.2194","-0.2427","-0.4415","0.1985","0.2869","-0.2877","-0.2516"
"C0G640","-0.817","-0.547","1.0595","0.9192","-1.0521","-2.9449","-1.0404","4.0446","2.967","3.901","1.9715","2.8257","2.6799","1.9754","2.4692","3.6438","3.5213","3.9611","2.3385","1.7901","1.5998","1.7854","1.299","0.618","2.5937","4.9896","7.7274","9.1763","-5.3","0.219"
"C0G650","-0.8863","0.559","0.4596","0.7518","0.6688","-1.2981","0.7564","0.7372","0.7547","0.9903","0.6694","-0.6217","0.9848","-0.9455","0.6038","0.9063","0.9976","0.9455","0.8889","-0.891","0.5785","0.5851","0.1097","0.7417","-0.0314","1.4991","2.0997","2.8784","-3","0.8733"
"C0H990",NA,NA,NA,NA,NA,NA,NA,NA,NA,NA,NA,NA,NA,NA,NA,NA,NA,NA,NA,NA,NA,NA,NA,NA,NA,NA,NA,NA,NA,NA
"C0H9A0","0.0868","-0.1368","0.171","0.0868","0.2394","0.1389","0.05","-0.0521","0.171","0","0.2394","0.35","0","0.1389","0","0.1389","-0.1042","0","0.1563","0.3","0.3214","-0.1251","-0.6553","0.1408","-0.4357","0.7922","0.5143","1.5803","-3.1825","0.5516"
"C0H9C0","0.6181","0.5977","-0.4755","-0.5438","0.5513","0.5614","0.4635","0.3709","0.2997","-0.2778","-0.8452","-0.3746","-0.3399","-2.4727","-1.3981","0.3078","1.0893","1.501","0.7548","0.7873","-0.2867","0.0523","0.7264","1.1321","1.2075","1.1873","1.2948","6.2847","-5.4743","-4.0895"
"C0I010",NA,NA,NA,NA,NA,NA,NA,NA,NA,NA,NA,NA,NA,NA,NA,NA,NA,NA,NA,NA,NA,NA,NA,NA,NA,NA,NA,NA,NA,NA
"C0I090","0.7794","0.6582","0.797","0.6364","0.6996","0.8933","0.5803","0.5871","0.7981","0.7092","0.829","0.8863","0.7853","-0.8803","0.4067","0.6128","0.6688","1.0833","-0.809","0.5664","-0.5851","0.5456","0.7431","0.8966","0.7853","0.2756","0.5202","-1.6728","1.1738","0.3256"
"C0I110","0.6997","0.6292","0.2052","0.0732","-0.1929","-0.3746","0.7902","0.6928","0.4363","0.7372","-0.649","0.7469","0.8889","0.8966",NA,"0.6339","0.9969","0.9429","-0.0349","0.3032","0.848","0.829","0.1564","0.8157","1.0071","1.2968","1.0993","1.8896","1.553","-0.9063"
"C0K240","-0.8241","1.2858","0.8549","-0.7071","-0.7419","0.1254","-1.0912","-0.4384","-0.8184","0.7778","0.6947","1.0126","0.7502","1.1476","0.9526","0.983","0.8549","-0.7419","0.9659","0.9063","-0.5416","0.8549","-0.8336","-0.7071","-0.5333","0.9351","-0.8387","1.5871","-0.9193","0.9708"
"C0K280",NA,NA,NA,NA,NA,NA,NA,NA,NA,NA,NA,NA,NA,NA,NA,NA,NA,NA,NA,NA,NA,NA,NA,NA,NA,NA,NA,NA,NA,NA
"C0K330","-0.6857","1.0519","0.797","0.8549","0.2329","-0.1721","-0.5541","0.9925","1.2292","1.0595","0.8402","1.1993","0.9801","-0.9119","-0.7778","1.2951","1.1591","1.3828","0.7548","0.3256","-0.848","-0.736","0.3661","-0.7092","1.076","1.8954","2.5858","4.5748","-3.7977","0.7372"
"C0M410","0.6983","0.9659","0.8402","1.1692","1.0337","0.9455","0.7727","0.3804","0.794","1.0798","-0.8746","0.9848","1.0126","0.7727","1.0625","0.851","0.7902","-1.1934","0.8912","0.856","0.6857","0.8345","1.0269","0.8651","0.7469","0.9781","0.6709","2.5747","-1.7781","1.1993"
"C0M530",NA,NA,NA,NA,NA,NA,NA,NA,NA,NA,NA,NA,NA,NA,NA,NA,NA,NA,NA,NA,NA,NA,NA,NA,NA,NA,NA,NA,NA,NA
"C0O810","0.856","0.7853","0.769","0.6894","0.5955","0.0349","0.6729","0.5601","0.5942","0.5909","0.5088","0.4988","0.5523","0.6","0.6729","0.6694","0.5871","0.649","0.5909","0.424","0.4988","0.6973","0.4997","0.5768","0.7981","0.5977","0.4988","1.4444","1.1998","0.7825"
"C0O900","0.2437","-1.6383","2.3705","1.4849","-1.0065","-1.5745","2.0462","1.6773","-1.6368","2.2109","1.2045","1.9972","-1.9851","-1.6548","1.9951","0.2505","-1.3435","2.4966","1.7213","1.9997","-0.6743","2.1874","2.125","1.8271","2.2874","3.1878","4.8523","2.2051","-7.0989","1.9406"
"C0O930","0.3945","0.309","0.4695","0.2958","0.5601","0.0939","0.3527","0.4168","0.4384","0.8457","0.2847","0.3254","0.5033","0.454","0.7188","0.7388","0.4994","0.7715","0.4769","0.2735","0.5032","0.8651","0.1953","0.5878","0.3632","0.5936","0.5638","2.1596","-1.4554","0.3517"
"C0R100","-0.2025","0.6038","0.0122","-0.5945","0.6871","0.2736","0.0941","0.5353","0.7995","-0.8978","0.6252","-0.5657","-0.5","0.7564","0.7981","0.7518","-0.5035","0.2622","-0.1792","0.3527","0.2347","0.5248","0.1336","0.5248","0.6948","-0.5523","-0.5999","1.137","-1.7616","-0.5634"
"C0R150","-0.5535","-0.6451","-0.3942","-0.5694","0.8345","0.7641","-0.547","-0.3801","-0.4017","-0.6576","-0.3581","-0.4659","-0.1721","-0.4659","-0.1908","-0.4495","-0.2474","-0.3907","-0.1717","-0.2924","0.5785","0.7825","-0.3581","0.6364","-0.2631","-0.8089","-0.1854","-1.0324","-0.6103","0.6252"
"C0R220","0.4695","0.727","-1.0177","0.8785","-0.1809","0.9177","0.8899","0.983","-0.6137","0.44","0.4326","0.508","0.2431","0.115","0.9801","0.5902","0.8756","0.5244","1.3998","0.2699","-0.4902","0.6309","1.1607","0.0262","1.1276","1.0692","0.9877","0.4144","-1.9715","0.3508"
"C0R270","0.7","-1.3377","-0.0576","0.6772","-0.8356","0.6356","0.5209","1.3947","1.3365","-1.4257","0.2431","0.7211","0.2911","0.6309","0.1584","-1.1873","1.1147","0.4659","-0.9211","-1.0893","1.4854","1.6791","1.2638","1.4141","-1.4339","-2.2109","1.9851","6.0916","-4.5795","-4.0256"
"C0R280","0.0518","0.3","0.4635","0.1634","-0.5638","-0.2924","0.4822","1.1267","1.0798","0.9534","0.6787","0.7718","1.7511","1.45","0.5818","0.1816","0.7718","0.7981","0.6573","0.2817","0.3756","0.3069","-0.2034","0.2536","0.55","0.75","0.2575","-0.7492","0.3581","0.6576"
"C0R350","-0.5035","-0.4659","1.2713","-0.5472","0.4884","0.9116","0.634","2.1548","2.4359","1.8641","0.4862","1.3906","2.7578","2.3783","1.1151","1.3365","2.0353","1.7058","1.5606","1.7956","1.6618","1.8988","0.9177","0.9539","1.4489","1.6873","1.0337","3.3941","-2.7113","0.8186"
"C0R420","0.3308","0.0349","-0.0209","-0.1736","0.6809","1.8026","0.0907","0.1082","0.4515","0.3062","0.1394","0.2783","0.706","0","-0.0523","0.0314","0.3062","0.1099","0.122","0.014","0.0941","0.1531","0.7456","0.6151","0.0907","0.0733","0.0959","3.4857","0.2005","-0.1569"
"C0S680",NA,NA,NA,NA,NA,NA,NA,NA,NA,NA,NA,NA,NA,NA,NA,NA,NA,NA,NA,NA,NA,NA,NA,NA,NA,NA,NA,NA,NA,NA
"C0S690","-0.0996","-0.0921","-0.0906","-0.1338","-0.1721","0.1813","0.1932","0.1891","0.3881","0.2741","0.1923","0.3782","0.6657","0.2884","-0.0174","0.1677","0.2923","0.0966","0.0978","0.0848","0.1902","0.097","0.0883","0.1949","0.1923","0.097","-0.1968","-0.4881","-0.8175","-0.1338"
"C0S700","-0.4728","-0.7417","0.4384","0.4225","0.4015","0.2344","0.7064","0.6138","0.4635","-0.5119","0.4015","-0.7762","0.6695","0.4357","0.7128","0.2867","0.4363","-0.3625","-0.6792","0.2179","0.328","0","0.2958","-0.0732","0.169","-0.3782","-0.433","-1.6564","-1.0462","0.2958"
"C0S710","0.769","0.7825","0.6973","0.6983","0.5967","0.6395","1.3864","1.4963","1.1883","1.3981","1.1971","1.0876","2.3476","1.3584","0.6395","0.7922","1.6873","1.5803","1.0865","0.6962","0.6983","0.7092","-0.6821","0.7999","1.284","1.2929","1.1998","-0.944","-0.6428","-0.6657"
"C0S730","1.0673","-0.7829","0.8222","0.5869","-2.125","1.749","4.2023","5.6151","5.3472","3.7471","2.706","3.1385","5.3489","5.664","1.2633","1.6804","3.6802","5.4813","3.3234","1.607","0.5917","2.0845","0.3824","1.5301","3.8369","6.2121","6.8612","-4.7924","-2.3635","-1.4721"
"C0S740","1.0625","0.8988","-0.7469","0.8863","1.2216","0.699","0.6792","0.9903","0.848","0.9119","0.8457","0.6994","1.3753","1.0337","0.9703","-0.7548","1.2135","1.0103","0.4684","0.7641","0.3268","0.5992","-0.9969","0.9945","0.4213","0.2177","-1.3237","1.4339","-1.9939","-1.2688"
"C0S750","0.0877","0.0782","0.0927","0.0827","0.0939","-0.014","0.0375","0","0.1","0.1075","0.0609","0.0927","0.0313","0.0242","0.0382","0.0675","0.0484","0.1486","0.1939","0.0572","0.0776","0.0939","0.2052","0.0695","0.1103","0.0695","0.0877","0.6038","0.1231","0.09"
"C0S760","-0.3464","-0.4872","-0.3498","-0.2457","-0.3564","0.3939","-0.3759","-0.3355","-0.5362","-0.3064","-0.3429","-0.4974","-0.7461","0.9744","-0.6928","-0.4792","-0.4045","-0.2427","-0.0829","-0.2598","-0.3392","-0.3429","0.6914","-0.3564","-0.2624","-0.4286","-0.4455","-0.8157","-1.1126","-0.4603"
"C0S770","0.397","-0.0609","0.1953","0.0627","0.0696","0.2052","0.2605","0.5878","0.4067","-0.618","-0.2339","-0.7071","0.8479","0.8356","0.4988","0.2248","-0.7913","0.7922","0.7989","0.25","0.1754","0.1873","0.0954","0.3611","0.5734","0.6962","0.0314","-0.1359","-0.1247","0.4908"
"C0S790","0.1753","-0.0278","0.2047","0.104","-0.1294","0.0782","0.3939","0.0469","0.5738","0.2934","0.0585","0.0557","0.3897","0.1989","0.0349","0.4908","0.3804","0.0985","0.1878","0.1169","0.0696","0.0418","0.0521","0.397","0.099","0.1981","-0.1042","0.4515","-0.6511","0.1042"
"C0S810","-0.43","-0.5494","-0.4298","-0.5333","-1.2583","-0.4405","0.9429","1.1478","0.8572","0.719","-0.5755","1.1684","1.137","0.9801","-0.7641","-0.5657","0.7548","0.5298","0.6997","-0.5905","-0.6428","-0.6466","-0.9192","-0.6022","0.2572","-1.307","-1.2688","2.641","-3.2336","0.3399"
"C0S830","-0.6472","0.8988","-0.6389","0.3355","-0.3536","0.7995","1.3365","1.2287","1.2434","1.5564","0.0454","1.4979","2.1172","1.2135","-0.544","0.8988","1.0985","0.9011","1.0286","0.5768","0.4997","0.5999","-0.6062","0.5563","0.559","2.1613","0.8529","-0.8356","-1.4004","-0.4316"
"C0S840","-0.3762","0.0907","0.1948","0.0454","0.0733","0.1828","0.1584","0.9259","1.0898","1.1658","1.3435","0.8135","1.85","1.55","0.6303","0.3387","0.9534","0.9206","0.7891","0.4093","0.4232","0.1948","0.1809","0.0279","0.7949","0.6339","0.1721","0.0314","0.8175","0.342"
"C0T790","-0.0733","-0.6359","-0.708","-0.8181","0.2099","0","0.0975","-0.5818","0.2099","1.1046","-1.0898","-1.0348","-1.6339","-1.1635","-0.487","-0.8485","0","0","0.1046","0.0959","-0.6466","-0.8756","0.0837","0.115","0.0262","-0.0454","0","0.5904","-3.0091","-0.9676"
"C0T820","-0.3527","-0.2424","-0.2407","-0.227","-0.0559","-0.3178","-0.1545","-0.4015","-0.5162","-0.5878","-0.1792","-0.3527","-0.4474","-0.328","-0.4114","-0.4863","-0.6466","-0.7071","-0.4815","-0.2939","-0.2424","-0.2237","-0.2796","-0.4357","-0.4474","-0.3078","-0.1654","-0.5665","-0.1678","-0.2624"
"C0T870","0.1532","-0.3881","0.1714","0.1677","0.2884","0.3782","0.3845","-0.3961","-0.0521","-0.0557","0.2677","0.5977","0.4908","0.2963","0.2939","0.4373","-0.2971","0.2427","-0.3897","0.0877","0.1941","0.1454","0.3019","0.4698","-0.197","-0.2898","-0.2898","0.856","0.4096","-0.3978"
"C0T960","0.3825","-0.18","0.5851","0.4168","0.4388","0.4373","0.4755","0.3774","0.4999","0.5992","0.4532","0.6784","0.649","0.4782","0.8999","0.5663","0.2782","0.4096","0.397","0.3657","0.2779","0.1103","0.5516","0.5999","0.2046","-0.9925","-1.0718","-1.9021","0.3078","0.3804"
"C0T9A0","0.265","-0.5785","-1.2276","-1.0071","-1.279","0","0.4568","0.1968","0.0877","0.1939","0.0908","0.3857","0.0726","0.1","-1.0517","0.5638","0.2046","0.1981","0.0875","-0.0832","-0.45","-0.9063","-0.8668","-0.1532","-0.0877","0.4981","-0.5902","-2.275","-2.4666","-2.5981"
"C0T9B0","-0.4774","-0.5991","-0.6561","-0.5785","0.1854","-0.3225","-0.5162","0.6894","-0.3936","0.2177","-0.454","-0.4357","-0.3584","-0.2481","-0.4589","0.263","-0.4373","0.0209","-0.4474","-0.3536","-0.1627","-0.3812","0.5032","0.6932","-0.0695","-0.0868","-0.6304","1.6629","0.9781","0.8966"
"C0T9D0","0.809","-0.3878","-0.6293","-0.7641","-0.7222","0.7417","-0.6157","0.9986","0.983","0.9429","0.7947","1.1258","-0.4881","-0.6428","-0.6022","0.9661","0.9329","1.0777","0.866","0.6122","-0.4863","-0.4863","-0.7715","0.719","0.8769","0.9703","1.632","3.3979","2.5234","1.6421"
"C0T9E0","0.5977","-0.0868","-0.4373","-0.4415","-0.2993","0.8978","1.1046","0.9563","1.3458","0.8803","0.5926","1.0958","0.7417","0.4988","-0.3","0.803","0.8607","0.7872","0.4974","0.2517","0.3998","0.1286","0","0.7308","0.5996","1.1413","1.3694","-1.4555","-0.8912","-0.8978"
"C0T9F0","-0.1545","0.215","-0.394","-0.4528","-0.2877","-0.2487","0.1792","0.0763","0.0487","0.1575","0.5143","0.1247","0.135","0.0418","-0.3914","-0.2517","0.2925","0.014","0.0209","-0.2121","-0.0977","-0.328","-0.1433","-0.2007","-0.007","0.0977","0.1812","0.1133","-0.1498","0.0868"
"C0T9G0","0.4459","0.5909","0.9925","0.5142","0.0262","0.6151","1.2586","0.944","1.3893","1.3893","0.8699","1.3777","1.5825","0.8425","0.3286","0.9725","0.8184","1.4052","1.0382","0.7547","0.6994","0.5393","0.8651","1.3121","0.8632","0.6022","-0.45","-1.416","-0.3346","-0.2351"
"C0T9H0","0.7829","1.1025","0.9804","1.1375","0.1462","1.5975","2.8467","2.6668","2.9544","2.6668","-1.8284","2.4541","2.4948","2.0541","1.2021","1.8271","2.8366","2.1347","1.9851","0.8192","1.0607","0.6582","-0.5142","0.2194","2.1729","3.0147","1.8868","3.0309","1.4695","1.4913"
"C0T9I0","-0.9584","-1.2944","-1.3703","-1.3482","-1.5893","1.1153","1.1809","1.6971","1.1809","1.5358","1.1472","1.7264","1.5094","1.3435","-1.3023","1.4849","0.7502","0.9661","-1.6178","0.9177","-1.2216","-1.1741","-1.4937","0.9185","-1.0103","-1.807","-2.6695","-2.3383","-1.5265","-1.6771"
"C0T9M0","0.4815","0.2781","0.2631","0.2329","-1.2124","0.3","0.6883","0.3914","0.3756","0.515","0.412","0.45","0.45","0.35","0.2736","0.2","0.3286","0.3914","0.4","0.2939","0.1268","0.1498","-0.8899","-0.0626","0.265","0.3394","0.2817","0.5564","-3.299","-1.3244"
"C0U600","0.2329","0.2071","0.2735","0.1854","0.8651","0.0175","0.3126","1.0177","0.5017","0","0.43","0.7042","0.5994","1.0903","0.293","0.3507","0.7981","0.7071","0.1871","0.4","0.5088","0.2047","0.2163","0.0975","0.1654","0.5142","0.851","5.2616","-1.7252","1.2433"
"C0U650","1.094","0.9336","0.1663","0.7469","0.4774","0.0959","-0.6151","0.2661","0.1253","0.515","0.45","0.1359","0.8714","0.2703","0.191","1.0973","0.3936","0.8572","0.6293","0.3878","0.0609","0.3126","0.6038","0.7794","0.3286","-0.3878","-0.5592","5.2846","2.5008","0.6535"
"C0U710","0.0626","-0.0314","0.0313","-0.0382","-0.0087","0.0139","0.0557","0.0551","-0.0695","-0.0763","-0.1526","-0.014","0.014","-0.0209","0.0782","0","0.0139","-0.0558","-0.0609","-0.0418","0.0105","-0.0209","-0.0557","-0.0835","-0.1389","-0.0488","-0.0418","-0.0384","-0.1095","-0.1042"
"C0U750","0.9206","-2.4042","-1.4433","-1.0927","-2.2962","-1.8113","2.6354","2.0142","1.5451","0.9648","0.7182","0.5472","1.0442","1.4833","0.3629","2.7683","2.0603","1.622","1.4554","1.4562","-1.1032","-1.1657","-0.2952","1.5962","1.6481","3.8891","7.6029","9.5507","-11.0026","-5.0566"
"C0U760","0.2","-0.122","-0.2331","-0.2084","-0.0726","-0.341","0.3","0.589","0.4999","0.3999","0.1923","0.3939","0.399","0.2396","-0.1172","0.4981","0.3286","0.3978","0.3864","-0.0174","-0.097","-0.1678","0.0624","0.2989","0.2898","0.3914","0.5991","1.6069","-3.9418","-3.0377"
"C0U770","2.7074","-1.4339","2.2957","-1.8875","2.2658","2.1747","2.0493","1.3524","1.6484","2.5839","2.3144","1.0418","1.1434","0.0401","-2.3638","2.0672","0.5174","1.7202","1.3615","2.0726","1.6178","2.1347","1.9319","1.9242","1.501","2.4864","6.2689","9.1677","-6.6471","-2.966"
"C0V250","0.2847","0.8651","0.8345","-0.8693","-0.1097","0.7947","0.7956","0.5999","-0.2781","-0.8733","0.6619","0.0419","0.7795","0.8999","0.794","0.9816","0.7853","0.765","-0.5999","-0.1871","-0.699","0.6932","0.8345","0.8889","0.6948","-0.9511","-0.7989","-1.7465","-2.4148","0.6022"
"C0V310","0.0782","0.9511","0.4363","0.2472","0.65","-0.8866","0.6948","-0.3661","-0.4067","-0.508","-0.3581","0.5736","0.7217","0.6553","0.9998","0.7217","-0.0192","0.9272","0.699","0.2588","0.9781","1.1591","1.0625","0.8699","0.1908","0.9329","1.4004","3.444","-1.4772","0.7771"
"C0V370","0.4589","0.5992","0.699","0.5202","0.3857","-0.014","0.2","0.6694","0.5353","0.3878","0.4596","0.3857","0.35","0.4684","-0.3346","0.4213","0.4357","0.5967","0.4854","-0.0835","0.5869","0.6999","0.6619","-0.0105","0.3473","0.6999","0.7825","1.9563","-1.7465","0.5248"
"C0V490","-0.6923","-0.5071","1.5429","1.4918","-0.817","0.6695","-0.7431","1.4963","-0.6356","-1.3923","-1.2137","0.7718","-1.1876","1.3787","-0.6772","0.2862","-0.8004","-0.5994","-1.2436","0.7949","1.094","1.3753","1.7778","1.0927","1.5429","1.9734","2.5858","3.8","-3.101","-2.3996"
"C0V500","0.2847","0.4357","0.7128","0.3605","0.4668","0.1169","0.3605","0.5438","0.2735","0.2736","-0.265","0.5796","-0.2034","0.3812","0.3886","0.0349","-0.2","0.3605","-0.5851","0.212","0.3913","0.6578","0.6444","0.3178","0.6237","0.9329","1.284","2.4814","-1.6688","-1.178"
"C0X080","-1.1153","-1.6087","1.6257","1.8954","-1.6257","-2.1916","-1.8657","1.364","-1.1472","1.9425","0.727","1.8974","1.7989","1.1168","1.6997","1.364","1.7357","2.3287","1.6835","1.7965","1.6997","2.1613","0.497","-0.0593","2.0284","3.5995","5.7063","8.0692","-6.1397","-2.2553"
"C0Z050","-0.3498","-0.3277","-0.5298","-0.4286","-0.3498","-0.5032","-0.4974","-0.3392","-0.4415","-0.6237","-0.725","-0.7632","-0.5936","-0.433","-0.5196","-0.6292","-0.3429","-0.2719","-0.5088","-0.3195","-0.3195","-0.433","-0.3498","-0.4974","-0.433","-0.3993","-0.4455","-0.3498","-0.6395","-0.3625"
"C0Z061","-0.0349","-0.4999","-0.0695","-0.0877","0.0827","0.5851","0.6472","0.6304","0.6181","0.1042","-0.2817","0.6928","0.1097","0.0122","-0.3527","0.0523","0.3961","0.4494","0.4636","0","0.2649","0.1981","-0.1302","0.0209","0.3498","0.2364","0.4988","-0.6293","-0.8651","-0.3355"
"C0Z070","0.3995","0.769","0.7922","-0.4015","0.4999","1.307","-0.8425","0.7825","1.2688","0.9976","0.4915","0.9526","0.6694","0.6973","-0.682","0.9744","1.0692","0.765","0.765","0.797","1.2474","-0.4702","0.9","1.599","0.9511","-0.2121","0.3716","-1.7932","-0.9848","-0.4981"
